SKU,Number
Agate Slide ,2
AP-DT-1,13
APD-DT-1,9
APD-SXL   ,2
WW-C-18-BRN,4
C-19-BLK,8
C-22-DBLK-A,8
C-34-RB,5
CVG-04,1
CVG-12,54
CVG-21,57
CVG-22,215
CVG-24,171
CVG-51,58
CVG-52,6
F-21,96
FB-MAH-TRI,2
FB-MAP-SB-TRI,1
G-02-GLS-BLK,13
G-101,5
G-105,33
G-108,5
G-110,10
G-114,12
G-513,1
G-52,41
G-904,38
G-905,24
G-907,13
G-909,2
G-917,4
G-918,1
GB-108,1
GB-134,48
HWI-DNICK-EX,1
HWI-HG-MAP-EX,1
HWI-NICK-ENG-EX,1
IMP-BLSTN,80
IMP-KOA-ROSE,3
IMP-RH-2,74
IMP-RH-2 Tonebar ,16
IMP-RH-TB2,60
Imperial LTD  ,1
IV-AS-1,89
IV-BLK-1 ,2
IV-CHS-1 ,2
IV-JS-1,74
IV-MS-1,206
IVG-AS-1 ,8
IVG-Blackstone,8
IVG-BLKSTN ,9
IVG-JS-1 ,3
IVG-MS-1 ,32
IVG-RH-2,16
Jadeite Slide,5
KB-03-BLK-A,17
KB-03-BRN-A,95
KB-03-RBRN,2
KB-52-RD,35
LV-F6YQ-FRDW,10
M-78-TN,55
MANDO-COPP-TEN,1
MANDO-TEN-DBRS,1
MIC CABLE,7
NP-52,2
PA-ARF-27-U,6
PA-C-81-L,6
PA-CB-H-1,5
PA-D111   ,8
PA-D111-FBA,8
PA-GC-20T,55
PA-KS-1,2
PA-MP-5,15
PA-PF-12,1
PAR-HG-MAP-PU,2
SL-113,21
TQ-Q4AV-YYVR,1
WW - DLX - 144,16
WW - DLX - 145,25
WW B4B-BLK,3
WW C-19-BLK,4
WW CP-1-BLK,13
WW CVG-103,4
WW CVG-115,3
WW G-54,3
WW Hybrid C-BLK,2
WW-AT-1   ,24
WW-AT-1-BLK,46
WW-AT-1-BLK-P,40
WW-AT-1-BLK-P-A,24
WW-AT-1-BRD,20
WW-AT-1-BRN,282
WW-AT-1-BRN-P,54
WW-AT-1-D/BLK,126
WW-AT-1-DBLK ,26
WW-AT-1-DBRN,398
WW-AT-1,24
WW-AT-1-RBRN,164
WW-AT-1-RD,94
WW-AT-1-SB,171
WW-AT-1-TAN ,1
WW-AT-1-TN,68
WW-AT-1-VBRN ,13
WW-AT-1-WHT,100
WW-AT-2-BLK,1010
WW-AT-2-BRN,1103
WW-AT-3-BRN   ,8
WW-AT1-BLK,510
WW-B-4B-BLK ,6
WW-B-4B-BLK-XL ,8
WW-B-4B-BRN ,4
WW-B4-BLK,207
WW-B4B  ,65
WW-B4B BLK ,1
WW-B4B,65
WW-B4B-BLK ,252
WW-B4B-BLK-XL,112
WW-B4B-BRN ,20
WW-B4B-BRN-XL,46
WW-BRC-BLK,35
WW-BRC-BRN,14
WW-BS-2 ,4
WW-BS-2-BLK  ,6
WW-BS-2-BRN,121
WW-BS-2,6
WW-BS-6,1
WW-BS-6-BLK,40
WW-BS-71-BLK ,12
WW-BS-74-BLK,41
WW-BS-74-BRN,16
WW-BST-111,32
WW-BST-112,41
WW-BST-113,89
WW-C-18-BB,61
WW-C-18-BLK,118
WW-C-18-BRD,7
WW-C-18-BRN,264
WW-C-18-DBLK,16
WW-C-18-DBRN,9
WW-C-18-LBRN,38
WW-C-18-VBRN,20
WW-C-18-WHT ,13
WW-C-18-WHT-A,28
WW-C-19-BB,23
WW-C-19-BLK,467
WW-C-19-BRD,15
WW-C-19-BRN,149
WW-C-19-DBLK,10
WW-C-19-DBRN,17
WW-C-19-VBRN,26
WW-C-19-WHT,15
WW-C-20-Custom,38
WW-C-21-BLK,7
WW-C-21-BLK-MER,3
WW-C-21-BRN,16
WW-C-22-BB,95
WW-C-22-BLK,188
WW-C-22-BLK-XL,82
WW-C-22-BLU,31
WW-C-22-BRN,204
WW-C-22-BRN-XL,25
WW-C-22-BW ,17
WW-C-22-DB ,44
WW-C-22-DB-BRN,6
WW-C-22-DB,18
WW-C-22-DBLK,72
WW-C-22-DBLK-A  ,8
WW-C-22-DBR   ,8
WW-C-22-DBRN ,93
WW-C-22-SB,131
WW-C-22-WHT,201
WW-C-27-BB,2
WW-C-34-BLK,22
WW-C-34-BLK/RED ,6
WW-C-34-BRN,11
WW-C-34-CGN ,4
WW-C-34-RB,174
WW-C-34-RD,7
WW-C-34-TN   ,2
WW-C-35-BLK,210
WW-C-35-C,68
WW-C-35-CS,140
WW-C-35C,10
WW-C-44,58
WW-C-44-BLK ,6
WW-C-44-BRN,49
WW-C-44,3
WW-C-44-WHT,151
WW-C-50-BLK ,2
WW-C-50-BRN ,1
WW-C-55-BLK,28
WW-C-55-BRN,5
WW-C18-BLK ,6
WW-C20-BRN,2
WW-C21-BLK,44
WW-C21-BRN,8
WW-C22-BLK ,5
WW-C22-DB ,1
WW-C30-Brn-Dbl,52
WW-C34-CGN,12
WW-C44-BLK,362
WW-CP-1-BLK,23
WW-CP-1-CH,2
WW-CP-1-GR,24
WW-CP-2-GR ,15
WW-CP-2-Satin ,1
WW-CS-1,97
WW-CS-2,66
WW-CS-3,45
WW-CSSDL,28
WW-CVG-04   ,1
WW-CVG-103,43
WW-CVG-111,24
WW-CVG-115,103
WW-CVG-12 ,74
WW-CVG-12-R,24
WW-CVG-161,15
WW-CVG-162,102
WW-CVG-164,6
WW-CVG-165,10
WW-CVG-166,6
WW-CVG-19,8
WW-CVG-21,71
WW-CVG-22,243
WW-CVG-23-BB,15
WW-CVG-23-BB-A,80
WW-CVG-24,215
WW-CVG-51,95
WW-CVG-52 ,8
WW-CVG-54 ,2
WW-CVG-56,14
WW-CVG-83,180
WW-CVG-DRG,87
WW-CVG-EAG ,6
WW-CVG-HWI,16
WW-CVG-OWL,57
WW-CVG-WL-R,227
WW-CVM-02,14
WW-CVP-02,89
WW-DLX-144,23
WW-DLX-145,40
WW-DLX-214,90
WW-DLX-215,329
WW-DLX-282,366
WW-DLX-285,122
WW-DPV-1,118
WW-DPV-2,21
WW-DPV-3,52
WW-DPV-4,65
WW-DSB-2,90
WW-DSB-3,63
WW-DVP-1 ,16
WW-DVP-2 ,23
WW-F-06,45
WW-F-06-BRN-GATR,31
WW-F-12,37
WW-F-12-C,42
WW-F-12C ,2
WW-F-15,145
WW-F-21,135
WW-FPB-01,25
WW-FPB-03,28
WW-FPB-05,13
WW-G-01,27
WW-G-02,17
WW-G-03-CAM,10
WW-G-04-B/W ,4
WW-G-04-BW,10
WW-G-04-WHT,252
WW-G-05,1
WW-G-08,52
WW-G-08WHT     ,302
WW-G-101,20
WW-G-101-TN ,2
WW-G-102,145
WW-G-105,449
WW-G-105-BLK ,3
WW-G-106,219
WW-G-107,19
WW-G-108,25
WW-G-110 ,12
WW-G-110-BRN ,6
WW-G-114,15
WW-G-116,20
WW-G-116-RED ,7
WW-G-118,381
WW-G-12,3
WW-G-12-BW,29
WW-G-15,165
WW-G-15-BLK,16
WW-G-15,10
WW-G-15BLK,144
WW-G-21,178
WW-G-24,11
WW-G-25,214
WW-G-26,17
WW-G-26-BLK,9
WW-G-28,17
WW-G-34   ,2
WW-G-42   ,8
WW-G-43,49
WW-G-46,83
WW-G-48,56
WW-G-502,4
WW-G-504,80
WW-G-513,124
WW-G-513-BLK ,6
WW-G-514,13
WW-G-514-CGN ,3
WW-G-518,61
WW-G-52,49
WW-G-54,14
WW-G-54-CHNT ,10
WW-G-55-BLK,26
WW-G-55-BRN,7
WW-G-552,14
WW-G-556,69
WW-G-557,32
WW-G-557-FBA,7
WW-G-800,88
WW-G-801   ,4
WW-G-802,17
WW-G-802-CGN ,1
WW-G-813,110
WW-G-813-CGN ,8
WW-G-815,64
WW-G-817 ,18
WW-G-817-A,22
WW-G-817,2
WW-G-904,56
WW-G-905,30
WW-G-906,6
WW-G-907,54
WW-G-909,50
WW-G-917,6
WW-G-918,4
WW-G-918-BLK ,1
WW-G-962,2
WW-G-964,18
WW-G-970,9
WW-G-971,9
WW-G-972,13
WW-G-972-p,14
WW-G-973,131
WW-G-974 ,11
WW-G-975,7
WW-G-977,54
WW-GB-101,1307
WW-GB-102,18
WW-GB-103,99
WW-GB-104,762
WW-GB-105,11
WW-GB-106,45
WW-GB-107,15
WW-GB-108 ,13
WW-GB-111,26
WW-GB-113,68
WW-GB-122,65
WW-GB-124,61
WW-GB-126,293
WW-GB-126 H  ,8
WW-GB-126H,8
WW-GB-133,266
WW-GB-134,58
WW-GB-135,138
WW-GB-136,16
WW-GB-161 ,13
WW-GB-162,649
WW-GB-163,26
WW-GB-181,428
WW-GB-181-FBA,236
WW-GB-182,159
WW-GB-182-FBA,117
WW-GB-191,39
WW-GB-191-FBA,22
WW-GB-192,19
WW-GB-192-FBA,12
WW-GB-20,105
WW-GB-21,920
WW-GB-22,653
WW-GB-23,177
WW-GB-24,49
WW-GB-25,20
WW-GB-30,18
WW-GB-31,20
WW-GB-32,47
WW-GC-19-BRN,22
WW-GC-21,23
WW-GC-25,40
WW-GD-27 ,1
WW-GE-102,104
WW-GE-104,160
WW-GE-106,91
WW-GE-174   ,4
WW-GE-177 ,1
WW-GE-177-BLK,66
WW-GE-201,1
WW-GE-202,47
WW-GE-206,157
WW-GE-211,15
WW-GE-213,12
WW-GE-215,56
WW-GE-217 ,9
WW-GE-221,55
WW-GE-227,21
WW-GM-1164,20
WW-GM-1176,2
WW-GM-1275,4
WW-GM-1279 ,15
WW-GN-24,22
WW-GN-25,27
WW-GP-10,8
WW-GP-11,11
WW-GP-36 ,5
WW-GR-01,267
WW-GR-11 ,2
WW-GTR-20-BB,68
WW-GTR-20-WHT,11
WW-GTR-20-WHT-A,74
WW-GTR-30 -WH ,6
WW-GTR-30-BLK ,1
WW-GTR-30-WH,116
WW-GTR-30-WHT ,5
WW-GTR-40-BRN,3
WW-GTR-40-DBRN ,2
WW-H-01 ,32
WW-H-01-MET,18
WW-H-02,22
WW-H-03-MET,12
WW-H-13,5
WW-H-13-M ,2
WW-H-14-M,8
WW-H-17,7
WW-H-18,22
WW-H-19,19
WW-H-19-M ,2
WW-H-20-M,10
WW-H-21-CHR,42
WW-H-21-MET ,3
WW-H-22   ,2
WW-H-22-MET,10
WW-H-23,18
WW-H-23-MET ,1
WW-H-24,14
WW-H-27,9
WW-H-29-CHR,8
WW-H-31-MET,15
WW-H-32 ,7
WW-H-32-MET,31
WW-H-33,32
WW-H-34,64
WW-H-35,2
WW-H-40,6
WW-H-41,23
WW-H-42,51
WW-H-43 ,5
WW-H-44 ,3
WW-HP-01-BRS ,1
WW-HP-01-SIL ,2
WW-HP-02 ,1
WW-HP-02-Chrome ,1
WW-HP-02-Gold ,1
WW-HP-03-MET-BRS ,12
WW-HP-03-MET-CHR ,7
WW-HP-03-MET-GLD ,1
WW-HP-13-Brass ,3
WW-HP-13-Chrome ,1
WW-HP-13-Gold ,2
WW-HP-17-Chrome ,1
WW-HP-18-CHrome ,2
WW-HP-19-Brass ,6
WW-HP-19-Chrome ,1
WW-HP-19-Gold ,1
WW-HP-21-CHR-BRS ,71
WW-HP-21-CHR-GLD ,31
WW-HP-21-CHR-SIL ,41
WW-HP-21-MET ,6
WW-HP-21-MET-BRS ,3
WW-HP-21-MET-GLD ,2
WW-HP-21-MET-SIL ,4
WW-HP-22 ,2
WW-HP-23-Brass ,3
WW-HP-23-Chrome ,9
WW-HP-24-CHrome ,1
WW-HP-27-Brass ,1
WW-HP-27-Chrome ,1
WW-HP-29-CHR-BRS ,10
WW-HP-29-CHR-GLD ,4
WW-HP-29-CHR-SIL ,7
WW-HP-29-MET ,3
WW-HP-29-MET-SIL ,1
WW-HP-31-BRS ,2
WW-HP-31-SIL ,1
WW-HP-33-SIL ,2
WW-HP-34-BRS ,2
WW-HP-35-1 ,1
WW-JK-02,5
WW-JK-03,10
WW-JK-08,83
WW-JK-09,54
WW-JKP-02-BRS ,3
WW-JKP-02-CHR ,1
WW-JKP-08-BRS ,1
WW-JKP-08-CHR ,5
WW-JKP-08-GLD ,1
WW-JKP-09-CHR ,1
WW-KB-02-BLK,45
WW-KB-02-BLK-FBA,21
WW-KB-02-BRN,38
WW-KB-02-BRN-FBA,15
WW-KB-02-RB,15
WW-KB-02-RB-FBA,6
WW-KB-03-BLK,8
WW-KB-03-BLK-A  ,17
WW-KB-03-BRN,104
WW-KB-03-BRN-A  ,95
WW-KB-03-RB ,37
WW-KB-03-RB-FBA,35
WW-KB-03-RBRN  ,2
WW-KB-04-BLK,24
WW-KB-04-BLK-FBA,8
WW-KB-04-BRN,27
WW-KB-04-BRN-FBA,1
WW-KB-04-RB,10
WW-KB-04-RB-FBA,6
WW-KB-05-BLK,171
WW-KB-05-BLK-FBA,124
WW-KB-05-BRN,222
WW-KB-05-BRN-FBA,147
WW-KB-05-LBRN,419
WW-KB-06,6
WW-KB-10,44
WW-KB-11,35
WW-KB-13,29
WW-KB-14,70
WW-KB-21,48
WW-KB-22,28
WW-KB-23,40
WW-KB-24,82
WW-KB-31,22
WW-KB-32,76
WW-KB-33,36
WW-KB-50-BLK,68
WW-KB-50-TN,59
WW-KB-52-BLK,128
WW-KB-52-RD,44
WW-KB-53-BLK,65
WW-KB-53-RD,101
WW-KB-55-BLK,49
WW-KB-55-TN,33
WW-KB-56-BLK,55
WW-KB-56-TN,25
WW-KB-57,116
WW-KB-58,19
WW-KB-61,38
WW-KB-62,15
WW-KH-02-BLK,69
WW-KH-02-BLK-FBA,60
WW-KH-02-BLK-PR,13
WW-KH-02-BRN,159
WW-KH-02-BRN-FBA,96
WW-KH-02-BRN-PR,18
WW-KH-02-RB,17
WW-KH-04-BLK,14
WW-KH-04-BRN,23
WW-KH-09 ,6
WW-KH-09-BLU,76
WW-KH-09-BLU-FBA,70
WW-LC-11 ,2
WW-LC-17,24
WW-LC-45 ,1
WW-LC-60,12
WW-LC-65 ,1
WW-LCT-15,24
WW-LCT-16,17
WW-LF-312-BW   ,6
WW-LHR-10,55
WW-LHR-12,23
WW-LHR-13,15
WW-LHR-14,64
WW-LHR-16,50
WW-LHR-17,38
WW-LHR-17-BLK,101
WW-LHR-17-SIL,12
WW-LHR-18,83
WW-LHR-20,13
WW-LHR-22,8
WW-LHR-23,2
WW-LHR-24,14
WW-LHR-26,25
WW-LHR-27,39
WW-LHR-37,50
WW-LHR-45,62
WW-LIC-12,372
WW-LIC-14,298
WW-LIC-16,25
WW-LIC-18,458
WW-LID-06,91
WW-LIE-12,33
WW-LIE-14,19
WW-LIF-02,103
WW-LIF-03,197
WW-LIP-04,117
WW-LIP-05,968
WW-LIP-30,10
WW-LIT-02 ,5
WW-LS-516,30
WW-M-10,395
WW-M-11,352
WW-M-12,129
WW-M-13,238
WW-M-14,56
WW-M-41 ,252
WW-M-41-BLK,46
WW-M-41-BRN,1402
WW-M-41-Chestnut,13
WW-M-41-CHT ,32
WW-M-41-DBRN,97
WW-M-41,250
WW-M-46-Red,2
WW-M-48-BLK ,1
WW-M-48-BRN ,2
WW-M-78-BLK,60
WW-M-78-BRN,292
WW-M-78-DBRN ,8
WW-M-78-TN,68
WW-NP-52  ,2
WW-OOAK ,1
WW-OOAK-0184 ,1
WW-OOAK-0218 ,1
WW-OOAK-55 ,1
WW-OOAK-58 ,1
WW-OOAK-6252 ,1
WW-OOAK-6266 ,1
WW-OOAK-6270 ,1
WW-OOAK-6303 ,1
WW-OOAK-6306 ,1
WW-OOAK-6307 ,1
WW-OOAK-6316 ,1
WW-OOAK-69 ,1
WW-OOAK-77 ,1
WW-OOAK-78 ,1
WW-OOAK-87 ,1
WW-OOAK-8733 ,1
WW-OOAK-8735 ,1
WW-OOAK-8738 ,1
WW-OOAK-8743 ,1
WW-OOAK-8759 ,1
WW-OOAK-8761 ,1
WW-OOAK-8764 ,1
WW-OOAK-8767 ,1
WW-OOAK-8769 ,1
WW-OOAK-8793 ,1
WW-OOAK-8798 ,1
WW-OOAK-8809 ,1
WW-OOAK-8810 ,1
WW-OOAK-8811 ,1
WW-OOAK-8814 ,1
WW-OOAK-8819 ,1
WW-OOAK-9968 ,1
WW-PH-PB-BLK ,2
WW-PH-PB-BRN ,9
WW-S-01,20
WW-S-02,120
WW-S-05,14
WW-SA-42,6
WW-SA42-B,28
WW-SF-01,459
WW-SF-03,503
WW-SF-05,44
WW-SF-05-FBA,37
WW-SF-06,134
WW-SF-07,47
WW-SF-07-GRY ,1
WW-SF-07,1
WW-SF-09,74
WW-SF-106,125
WW-SL-113,48
WW-SL-114 ,1
WW-SL-115,40
WW-SL-117 ,4
WW-SL-315,5
WW-SL-316,5
WW-SL-50,8
WW-SLG-11-BLK ,7
WW-SLP-SB,45
WW-SP-236   ,12
WW-SP-237,30
WW-SP-73,29
WW-SP-74,27
WW-SP-75,4
WW-SP-77,1
WW-ST-07,21
WW-ST-07-BGD ,4
WW-ST-07-BRG ,2
WW-ST-08,40
WW-ST-08-BLK,5
WW-ST-08,4
WW-ST-106,2
WW-ST-116,4
WW-STR-01,66
WW-STR-03,36
WW-STR-04,34
WW-STR-07,42
WW-STR-09,39
WW-TS-112,68
WW-TS-13 ,1
WW-TS-177,117
WW-TS-21,3
WW-TS-29   ,2
WW-TS-85,4
WW-TSF-05,150
WW-U-66-BLK,149
WW-U-66-BRN,2
WW-U-74 ,2
WW-U-74-BRN,99
WW-U-74-TN,60
WW-UK-1 ,4
WW-W-02,2
WW-W-03,3
WW-W-04,4
WW-W-09 ,2
WW-WHT-BLK  ,3
WW-XL-60 BLK,424
WW-XL-60 BRN ,3
WW-XL-60-BK ,10
WW-XL-60-BLK,217
WW-XL-60-BRN,70
WW-XL-60-CHT   ,12
WW-XL-60BRN,100
WW-XL-72 BLK ,4
WW-XL-72 BRN ,4
WW-XL-72-BLK,134
WW-XL-72-BRN,168
WW-XSL-2-BLK,179
WW-XSL-2-CH ,47
WW-XSL-2-CH-MF,176
WW-XSL-2-CHRM ,40
WW-XSL-2-Chrome,27
WW-XSL-2-GLD,197
WW-XSL-2BLK   ,42
WW-XSL-GLD   ,2
WW-XSL-SIL,184
WWHT-BLK,3
