Title,SKU,Quantity
"Walker & Williams C-22-BLK Handmade Premium Black Signature Grain Leather Extra Wide Double Padded Guitar Strap For Acoustic, Electric, And Bass Guitars",8D-0CE7-S67B,25
"Walker & Williams H-01 Blue Woodstock Woven 60's Style Premium Woven Guitar Strap With Thick Leather Endcaps For Acoustic, Electric, And Bass Guitars",BM-MLDZ-SDZC,3
"Walker & Williams G-01 Light Chestnut Brown Padded Guitar Strap 3"" Wide For Acoustic, Electric, And Bass Guitars",BQ-PWQG-B9P7,1
"Walker & Williams C-18-BRN Vintage Style Guitar Strap In Premium Dark Brown Leather Extra Long Up To 61"" For Acoustic, Electric, And Bass Guitars",C-18-BRN-MERC,1
"Walker & Williams C-19 Classic Black Vintage Style Rockabilly Guitar Strap Premium Signature Soft Grain Leather Extra Long For Acoustic, Electric, And Bass Guitars",C-19-BLK-MERC,2
"Walker & Williams C-22-BLU 3"" Wide Padded Leather Premium Strap In Washed Denim",C-22-BLU,1
"Walker & Williams C-22-BLU 3"" Wide Padded Leather Premium Strap In Washed Denim",C-22-BLU,1
"Walker & Williams C-22-BLU 3"" Wide Padded Leather Premium Strap In Washed Denim",C-22-BLU,1
"Walker & Williams C-22-BLU 3"" Wide Padded Leather Premium Strap In Washed Denim",C-22-BLU,1
"Walker And Williams C-22-DBLK Distressed Black Finish Extra Wide Double Padded Premium Thick Top Grain Leather Guitar Strap For Acoustic, Electric, And Bass Guitars",C-22-DBLK-A,28
"Walker & Williams C-34 Handmade Red and Black Premium Signature Grain Leather Padded Strap 3 1/4"" Wide For Acoustic, Electric, And Bass Guitars",C-34-RB-MERC,1
"Walker & Williams CVG-12 Black Leather Guitar Strap With Hand Tooled Grateful Skull & Roses For Acoustic, Electric, And Bass Guitars",CVG-12-AZ,28
"Walker & Williams CVG-12 Black Leather Guitar Strap With Hand Tooled Grateful Skull & Roses For Acoustic, Electric, And Bass Guitars",CVG-12-MERC,1
"Walker & Williams CVG-19 Black Handmade Guitar Strap With Hand Tooled Red, White, And Blue Texas Star Longhorn Design On Premium Carving Leather For Acoustic, Electric, And Bass Guitars",CVG-19-MERC,9
"Walker & Williams CVG-21 Black Padded Leather Guitar Strap Hand Tooled Christian Rose & Cross For Acoustic, Electric, And Bass Guitars",CVG-21-AZ,32
"Walker & Williams CVG-21 Black Padded Leather Guitar Strap Hand Tooled Christian Rose & Cross For Acoustic, Electric, And Bass Guitars",CVG-21-MERC,1
Walker & Williams CVG-22 Padded Leather Guitar Strap with Hand Tooled Christian Gold Cross,CVG-22-AZ,86
Walker & Williams CVG-22 Padded Leather Guitar Strap with Hand Tooled Christian Gold Cross,CVG-22-MERC,3
"Walker & Williams CVG-24 Handmade Black And Gold Padded Guitar Strap With Hand Tooled Christian Cross And Skull Design For Acoustic, Electric, And Bass Guitars",CVG-24-AZ,51
"Walker & Williams CVG-24 Handmade Black And Gold Padded Guitar Strap With Hand Tooled Christian Cross And Skull Design For Acoustic, Electric, And Bass Guitars",CVG-24-MERC,4
"Walker & Williams CVG-51 White Leather Strap Hand Tooled Leather Red Rose Design For Acoustic, Electric, And Bass Guitars",CVG-51-AZ,25
"Walker & Williams CVG-51 White Leather Strap Hand Tooled Leather Red Rose Design For Acoustic, Electric, And Bass Guitars",CVG-51-MERC,5
"Walker & Williams CVG-52 Padded Red Leather Strap Hand Tooled Leather Rose Design For Acoustic, Electric, And Bass Guitars",CVG-52-AZ,36
"Walker & Williams CVG-52 Padded Red Leather Strap Hand Tooled Leather Rose Design For Acoustic, Electric, And Bass Guitars",CVG-52-MERC,1
"Walker & Williams F-21 Handmade 3"" Wide Black Textured Alligator Finish Guitar Strap With Padded Glove Leather Back For Acoustic, Electric, And Bass Guitars",F-21,120
Royall Trifonium Distressed Mahogany Finish Tricone Resonator w/Pickup,FB-DIS-MAH-TRI-PU,1
Royall Trifonium Distressed Mahogany Finish Tricone Resonator w/Pickup,FB-DIS-MAH-TRI-PU,1
Royall Trifonium Distressed Mahogany Finish Tricone Resonator w/Pickup,FB-DIS-MAH-TRI-PU,1
Royall Trifonium All Natural Sapele Mahogany Tricone Resonator With Case ,FB-MAH-TRI,1
"Walker & Williams G-02 Handmade Black on Black Guitar Strap with Padded Glove Leather Back For Acoustic, Electric, And Bass Guitars",G-02-GLS-BLK,17
"Walker & Williams G-101 Saddle Tan 2' Wide Guitar Strap with Padded Glove Leather Back For Acoustic, Electric, And Bass Guitars",G-101-MERC,19
"Walker & Williams G-105 Black on Black 2' Wide Guitar Strap with Padded Glove Leather Back For Acoustic, Electric, And Bass Guitars",G-105-MERC,2
"Walker & Williams G-108 Walnut Brown 2"" Wide Guitar Strap with Padded Glove Leather Back For Acoustic, Electric, And Bass Guitars",G-108-MERC,1
"Walker & Williams G-110 Mahogany Brown Padded Guitar Strap with Embossed Live Oak Tooling For Acoustic, Electric, And Bass Guitars",G-110,23
"Walker & Williams G-114 Chestnut Brown Strap with Embossed Live Oak Tooling & Padded Back For Acoustic, Electric, And Bass Guitars",G-114-AZ,40
"Walker & Williams G-114 Chestnut Brown Strap with Embossed Live Oak Tooling & Padded Back For Acoustic, Electric, And Bass Guitars",G-114-MERC,11
Walker & Williams G-43 Cognac Brown Padded Guitar Strap Soft Glove Leather Back ,G-43,1
Walker & Williams G-43 Cognac Brown Padded Guitar Strap Soft Glove Leather Back ,G-43,1
Walker & Williams G-43 Cognac Brown Padded Guitar Strap Soft Glove Leather Back ,G-43,1
Walker & Williams G-43 Cognac Brown Padded Guitar Strap Soft Glove Leather Back ,G-43,1
Walker & Williams G-43 Cognac Brown Padded Guitar Strap Soft Glove Leather Back ,G-43,1
"Walker & Williams G-513 Black Multi Layer Handmade Guitar Strap with Padded Glove Leather Back For Acoustic, Electric, And Bass Guitars",G-513-MERC,1
"Walker & Williams G-52 Navy Blue Handmade Soft Natural Finish Guitar Strap with Padded Glove Leather Back, And Squared Nose For Acoustic, Electric, And Bass Guitars",G-52,54
"Walker & Williams G-54 Chestnut Brown Natural Finish Handmade Guitar Strap with Padded Glove Leather Back For Acoustic, Electric, And Bass Guitars",G-54-MERC,3
Walker & Williams G-904 Soft Natural Finish Bourbon Brown Padded Strap,G-904,17
"Walker & Williams G-905 Soft Natural Finish Whiskey Brown Padded Guitar Strap For Acoustic, Electric, And Bass Guitars",G-905,15
"Walker & Williams G-905 Soft Natural Finish Whiskey Brown Padded Guitar Strap For Acoustic, Electric, And Bass Guitars",G-905-MERC,3
Walker & Williams G-907 Matte Black Finish Handmade Guitar Strap with Padded Glove Leather Back,G-907,24
Walker & Williams G-907 Matte Black Finish Handmade Guitar Strap with Padded Glove Leather Back,G-907-MERC,12
Walker & Williams G-909 Soft Natural Finish Eggshell White Padded Guitar Strap,G-909,2
Walker & Williams G-909 Soft Natural Finish Eggshell White Padded Guitar Strap,G-909-MERC,3
Walker & Williams G-974 Dark Grey Tooled Guitar Strap with Soft Padded Back,G-974,1
"Walker & Williams GB-122 Black Cherry Padded Guitar Strap with Texas Star and Skull Design For Acoustic, Electric, And Bass Guitars",GB-122-MERC,6
"Walker & Williams GB-134 Oxblood Brown Native American Feather Padded Guitar Strap For Acoustic, Electric, And Bass Guitars",GB-134,2
"Walker & Williams GB-30 Handmade Fire Wine Red Padded Leather Guitar Strap with Vintage Paisley Pattern For Acoustic, Electric, And Bass Guitars",GB-30-MERC,11
Imperial Valley Blackstone STS Polished Stone Guitar Slide Made From Real Stone,IMP-BLSTN,34
"Imperial Valley Guitar Co. Cutaway Roundnose Tone Bar Slide for Dobro, Lap Steel",IMP-RH-2,6
"Imperial Valley Guitar Co. Cutaway Roundnose Tone Bar Slide for Dobro, Lap Steel",IMP-RH-TB2,2
Imperial Valley Blackstone STS Polished Stone Guitar Slide Made From Real Stone,IMP-STS-M,10
"Polished Agate Stone Guitar Slide""Tone From The Stone""",IV-AS-1,58
Polished Agate Stone Guitar Slide ‚ÄúTone From The Stone‚Äù,IV-AS-1,1
Polished Agate Stone Guitar Slide ‚ÄúTone From The Stone‚Äù,IV-AS-1,1
"Polished Agate Stone Guitar Slide""Tone From The Stone""",IV-AS-1-MERC,16
Polished Onyx Blackstone Guitar Slide ‚ÄúTone From The Stone‚Äù,IV-BLK-1,1
Polished Champagne Quartz Guitar Slide ‚ÄúTone From The Stone‚Äù,IV-CHS-1,1
"Polished White Jade Stone Guitar Slide""Tone From The Stone""",IV-JS-1,40
"Polished White Jade Stone Guitar Slide""Tone From The Stone""",IV-JS-1-MERC,1
"Imperial Valley Blackstone Polished Stone Guitar Slide ""Tone From The Stone""",IVG-Blackstone,1
"Imperial Valley Blackstone Polished Stone Guitar Slide ""Tone From The Stone""",IVG-Blackstone,1
"Imperial Valley Blackstone Polished Stone Guitar Slide ""Tone From The Stone""",IVG-Blackstone,1
"Imperial Valley Blackstone Polished Stone Guitar Slide ""Tone From The Stone""",IVG-Blackstone,1
"Imperial Valley Blackstone Polished Stone Guitar Slide ""Tone From The Stone""",IVG-Blackstone,1
"Imperial Valley Blackstone Polished Stone Guitar Slide ""Tone From The Stone""",IVG-Blackstone,1
"Imperial Valley Blackstone Polished Stone Guitar Slide ""Tone From The Stone""",IVG-Blackstone,1
"Imperial Valley Blackstone Polished Stone Guitar Slide ""Tone From The Stone""",IVG-Blackstone,1
"Imperial Valley Blackstone Polished Stone Guitar Slide ""Tone From The Stone""",IVG-Blackstone,1
"Imperial Valley Blackstone Polished Stone Guitar Slide ""Tone From The Stone""",IVG-Blackstone,1
"Imperial Valley Blackstone Polished Stone Guitar Slide ""Tone From The Stone""",IVG-Blackstone,1
"Imperial Valley Blackstone Polished Stone Guitar Slide ""Tone From The Stone""",IVG-Blackstone,1
"Imperial Valley Blackstone Polished Stone Guitar Slide ""Tone From The Stone""",IVG-Blackstone,1
"Imperial Valley Blackstone Polished Stone Guitar Slide ""Tone From The Stone""",IVG-Blackstone,1
"Imperial Valley Blackstone Polished Stone Guitar Slide ""Tone From The Stone""",IVG-Blackstone,1
"Imperial Valley Blackstone Polished Stone Guitar Slide ""Tone From The Stone""",IVG-Blackstone,1
"Imperial Valley Blackstone Polished Stone Guitar Slide ""Tone From The Stone""",IVG-Blackstone,1
"Imperial Valley Blackstone Polished Stone Guitar Slide ""Tone From The Stone""",IVG-Blackstone,1
"Imperial Valley Blackstone Polished Stone Guitar Slide ""Tone From The Stone""",IVG-Blackstone,1
"Imperial Valley Guitar Co. Cutaway Roundnose Tone Bar Slide for Dobro, Lap Steel",IVG-RH-2,1
"Imperial Valley Guitar Co. Cutaway Roundnose Tone Bar Slide for Dobro, Lap Steel",IVG-RH-2,1
"Imperial Valley Guitar Co. Cutaway Roundnose Tone Bar Slide for Dobro, Lap Steel",IVG-RH-2,1
"Imperial Valley Guitar Co. Cutaway Roundnose Tone Bar Slide for Dobro, Lap Steel",IVG-RH-2,1
"Imperial Valley Guitar Co. Cutaway Roundnose Tone Bar Slide for Dobro, Lap Steel",IVG-RH-2,1
"Imperial Valley Guitar Co. Cutaway Roundnose Tone Bar Slide for Dobro, Lap Steel",IVG-RH-2,1
"Imperial Valley Guitar Co. Cutaway Roundnose Tone Bar Slide for Dobro, Lap Steel",IVG-RH-2,1
"Imperial Valley Guitar Co. Cutaway Roundnose Tone Bar Slide for Dobro, Lap Steel",IVG-RH-2,1
"Imperial Valley Guitar Co. Cutaway Roundnose Tone Bar Slide for Dobro, Lap Steel",IVG-RH-2,1
"Imperial Valley Guitar Co. Cutaway Roundnose Tone Bar Slide for Dobro, Lap Steel",IVG-RH-2,1
"Imperial Valley Polished White Jade Stone Guitar Slide ""Tone From The Stone"" ",Jadeite Slide,1
"Imperial Valley Polished White Jade Stone Guitar Slide ""Tone From The Stone"" ",Jadeite Slide,1
"Imperial Valley Polished White Jade Stone Guitar Slide ""Tone From The Stone"" ",Jadeite Slide,2
"Imperial Valley Polished White Jade Stone Guitar Slide ""Tone From The Stone"" ",Jadeite Slide,1
"Imperial Valley Polished White Jade Stone Guitar Slide ""Tone From The Stone"" ",Jadeite Slide,1
"Imperial Valley Polished White Jade Stone Guitar Slide ""Tone From The Stone"" ",Jadeite Slide,1
"Imperial Valley Polished White Jade Stone Guitar Slide ""Tone From The Stone"" ",Jadeite Slide,1
"Imperial Valley Polished White Jade Stone Guitar Slide ""Tone From The Stone"" ",Jadeite Slide,1
"Imperial Valley Polished White Jade Stone Guitar Slide ""Tone From The Stone"" ",Jadeite Slide,1
"Imperial Valley Polished White Jade Stone Guitar Slide ""Tone From The Stone"" ",Jadeite Slide,1
"Imperial Valley Polished White Jade Stone Guitar Slide ""Tone From The Stone"" ",Jadeite Slide,1
"Imperial Valley Polished White Jade Stone Guitar Slide ""Tone From The Stone"" ",Jadeite Slide,1
"Walker & Williams KB-03-BLK Soft Black Premium Grain Leather Center Block Padded Guitar Strap With Carved American Eagle & Oak Leaves For Acoustic, Electric, And Bass Guitars",KB-03-BLK-A,10
"Walker & Williams KB-03-BRN Walnut Brown Full Grain Center Block Carving Leather Padded Guitar Strap With American Eagle & Oak Leaves For Acoustic, Electric, And Bass Guitars",KB-03-BRN-A,2
"Walker & Williams KB-03-RB Mahogany Brown Full Grain Center Block Carved Leather Padded Guitar Strap With American Eagle & Oak Leaves For Acoustic, Electric, And Bass Guitars",KB-03-RBRN,46
Walker And Williams KB-52-RD Handmade Heritage Series Black And Red Guitar Strap With Mexican Coat Of Arms Design On Scarlett Red Carved Leather,KB-52-RD,37
Walker & Williams Black & White Top Grain Leather Guitar Strap with Chrome and Brass Metal Studs,LF-312 White,1
"Walker & Williams F-21 Handmade 3"" Wide Black Textured Alligator Finish Guitar Strap With Padded Glove Leather Back For Acoustic, Electric, And Bass Guitars",LV-F6YQ-FRDW,4
"Walker & Williams M-78 Premium Tan Finish Thick Grain Leather Adjustable Mandolin, Mandola, Bouzouki Strap",M-78-TN,36
Post Audio ARF-12 Reflection Filter & Portable Vocal Booth Great For VO,PA-ARF-12,1
"Post Audio ARF-36 Foldable Reflection Filter and Portable Vocal Booth with Carrying Bag. Studio Sound Anywhere, Anytime.",PA-ARF-36-MERC,1
Post Audio C81 Laguna Studio Condenser Mic Large Diaphragm 24k Gold Capsule NEW,PA-C-81-L,1
Post Audio D/One-Eleven Ultra-Wide Response Vocal Microphone,PA-D111-AZ,2
Post Audio D/One-Eleven Ultra-Wide Response Vocal Microphone,PA-D111-FBA,4
"Post Audio KS-1 HD Isolated Floor Mic Stand for  Kick Drum, Bass, Amp Mics ",PA-KS-1,1
"Post Audio MP-5 High Density Monitor Isolation Pads Multi Angle 6.75x11.5"" ",PA-MP-5,1
"Post Audio MP-5 High Density Monitor Isolation Pads Multi Angle 6.75x11.5"" ",PA-MP-5,2
"Post Audio MP-5 High Density Monitor Isolation Pads Multi Angle 6.75x11.5"" ",PA-MP-5,1
"Post Audio MP-5 High Density Monitor Isolation Pads Multi Angle 6.75x11.5"" ",PA-MP-5,1
"Post Audio MP-5 High Density Monitor Isolation Pads Multi Angle 6.75x11.5"" ",PA-MP-5,1
"Post Audio MP-5 High Density Monitor Isolation Pads Multi Angle 6.75x11.5"" ",PA-MP-5,1
"Post Audio MP-5 High Density Monitor Isolation Pads Multi Angle 6.75x11.5"" ",PA-MP-5,1
"Post Audio MP-5 High Density Monitor Isolation Pads Multi Angle 6.75x11.5"" ",PA-MP-5,1
"Post Audio MP-5 High Density Monitor Isolation Pads Multi Angle 6.75x11.5"" ",PA-MP-5,2
"Post Audio MP-5 High Density Monitor Isolation Pads Multi Angle 6.75x11.5"" ",PA-MP-5,1
"Post Audio MP-5 High Density Monitor Isolation Pads Multi Angle 6.75x11.5"" ",PA-MP-5,1
"Post Audio MP-5 High Density Monitor Isolation Pads Multi Angle 6.75x11.5"" ",PA-MP-5,1
"Post Audio MP-5 High Density Monitor Isolation Pads Multi Angle 6.75x11.5"" ",PA-MP-5,1
Walker & Williams Cognac Italian Leather Soft Full Grain Premium Guitar Strap SL-113,SL-113,16
Walker & Williams TS-85 Orange & Black Guitar Strap,TS-85,1
Walker & Williams TS-85 Orange & Black Guitar Strap,TS-85,1
Walker & Williams TS-85 Orange & Black Guitar Strap,TS-85,1
Walker & Williams TS-85 Orange & Black Guitar Strap,TS-85,1
Walker & Williams TS-85 Orange & Black Guitar Strap,TS-85,1
Walker & Williams U-66-Brown Double Hook Ukulele Shoulder Strap Hands Free ,U-66-BRN,1
Walker & Williams U-66-Brown Double Hook Ukulele Shoulder Strap Hands Free ,U-66-BRN,1
Walker & Williams U-66-Brown Double Hook Ukulele Shoulder Strap Hands Free ,U-66-BRN,1
Walker & Williams U-74 Soft Tan Leather Adjustable Uke Strap for Soprano Ukes,U-74-TN,1
Walker & Williams U-74 Soft Tan Leather Adjustable Uke Strap for Soprano Ukes,U-74-TN,1
Walker & Williams U-74 Soft Tan Leather Adjustable Uke Strap for Soprano Ukes,U-74-TN,1
Walker & Williams U-74 Soft Tan Leather Adjustable Uke Strap for Soprano Ukes,U-74-TN,1
"Walker & Williams DLX-145 Burnished Black Textured Snakeskin Padded Leather Guitar Strap For Acoustic, Electric, And Bass Guitars",WW - DLX - 145,17
Walker & Williams B4B Extra Wide 4” Black Leather Double Padded Guitar Strap   ,WW B4B-BLK,1
Walker & Williams B4B Extra Wide 4” Black Leather Double Padded Guitar Strap   ,WW B4B-BLK,1
Walker & Williams B4B Extra Wide 4” Black Leather Double Padded Guitar Strap   ,WW B4B-BLK,1
Walker & Williams B4B Extra Wide 4” Black Leather Double Padded Guitar Strap   ,WW B4B-BLK,1
Walker & Williams B4B Extra Wide 4” Black Leather Double Padded Guitar Strap   ,WW B4B-BLK,1
Walker & Williams B4B Extra Wide 4” Black Leather Double Padded Guitar Strap   ,WW B4B-BLK,1
Walker & Williams B4B Extra Wide 4” Black Leather Double Padded Guitar Strap   ,WW B4B-BLK,1
Walker & Williams B4B Extra Wide 4” Black Leather Double Padded Guitar Strap   ,WW B4B-BLK,1
Walker & Williams B4B Extra Wide 4” Black Leather Double Padded Guitar Strap   ,WW B4B-BLK,1
Walker & Williams B4B Extra Wide 4” Black Leather Double Padded Guitar Strap   ,WW B4B-BLK,1
Walker & Williams B4B Extra Wide 4” Black Leather Double Padded Guitar Strap   ,WW B4B-BLK,1
Walker & Williams B4B Extra Wide 4” Black Leather Double Padded Guitar Strap   ,WW B4B-BLK,1
"Walker & Williams C-19 Rockabilly Strap Soft Black Leather Extra Long Up to 61"" ",WW C-19-BLK,1
"Walker & Williams C-19 Rockabilly Strap Soft Black Leather Extra Long Up to 61"" ",WW C-19-BLK,1
"Walker & Williams C-19 Rockabilly Strap Soft Black Leather Extra Long Up to 61"" ",WW C-19-BLK,1
"Walker & Williams C-19 Rockabilly Strap Soft Black Leather Extra Long Up to 61"" ",WW C-19-BLK,1
"Walker & Williams C-19 Rockabilly Strap Soft Black Leather Extra Long Up to 61"" ",WW C-19-BLK,1
"Walker & Williams C-19 Rockabilly Strap Soft Black Leather Extra Long Up to 61"" ",WW C-19-BLK,1
"Walker & Williams C-19 Rockabilly Strap Soft Black Leather Extra Long Up to 61"" ",WW C-19-BLK,1
"Walker & Williams C-19 Rockabilly Strap Soft Black Leather Extra Long Up to 61"" ",WW C-19-BLK,1
Walker & Williams CP-1 Black Capo for Acoustic or Electric with Leather Bag,WW CP-1-BLK,1
Walker & Williams CP-1 Black Capo for Acoustic or Electric with Leather Bag,WW CP-1-BLK,1
Walker & Williams CP-1 Black Capo for Acoustic or Electric with Leather Bag,WW CP-1-BLK,1
Walker & Williams CP-1 Black Capo for Acoustic or Electric with Leather Bag,WW CP-1-BLK,1
Walker & Williams CP-1 Black Capo for Acoustic or Electric with Leather Bag,WW CP-1-BLK,1
Walker & Williams CP-1 Black Capo for Acoustic or Electric with Leather Bag,WW CP-1-BLK,1
Walker & Williams CP-1 Black Capo for Acoustic or Electric with Leather Bag,WW CP-1-BLK,1
Walker & Williams CP-1 Black Capo for Acoustic or Electric with Leather Bag,WW CP-1-BLK,1
Walker & Williams CVG-103 Black Padded Guitar Strap Hand Tooled Celtic Design,WW CVG-103,1
Walker & Williams CVG-103 Black Padded Guitar Strap Hand Tooled Celtic Design,WW CVG-103,1
Walker & Williams CVG-103 Black Padded Guitar Strap Hand Tooled Celtic Design,WW CVG-103,1
Walker & Williams CVG-103 Black Padded Guitar Strap Hand Tooled Celtic Design,WW CVG-103,1
Walker & Williams CVG-103 Black Padded Guitar Strap Hand Tooled Celtic Design,WW CVG-103,1
Walker & Williams CVG-103 Black Padded Guitar Strap Hand Tooled Celtic Design,WW CVG-103,1
Walker & Williams CVG-103 Black Padded Guitar Strap Hand Tooled Celtic Design,WW CVG-103,1
Walker & Williams CVG-103 Black Padded Guitar Strap Hand Tooled Celtic Design,WW CVG-103,1
Walker & Williams CVG-103 Black Padded Guitar Strap Hand Tooled Celtic Design,WW CVG-103,1
Walker & Williams CVG-103 Black Padded Guitar Strap Hand Tooled Celtic Design,WW CVG-103,1
Walker & Williams CVG-115 Black Leather Padded Guitar Strap Hand Tooled Feather,WW CVG-115,1
Walker & Williams CVG-115 Black Leather Padded Guitar Strap Hand Tooled Feather,WW CVG-115,1
Walker & Williams CVG-115 Black Leather Padded Guitar Strap Hand Tooled Feather,WW CVG-115,1
Walker & Williams CVG-115 Black Leather Padded Guitar Strap Hand Tooled Feather,WW CVG-115,1
Walker & Williams CVG-115 Black Leather Padded Guitar Strap Hand Tooled Feather,WW CVG-115,1
Walker & Williams CVG-115 Black Leather Padded Guitar Strap Hand Tooled Feather,WW CVG-115,1
Walker & Williams CVG-115 Black Leather Padded Guitar Strap Hand Tooled Feather,WW CVG-115,1
Walker & Williams CVG-115 Black Leather Padded Guitar Strap Hand Tooled Feather,WW CVG-115,1
Walker & Williams CVG-115 Black Leather Padded Guitar Strap Hand Tooled Feather,WW CVG-115,1
Walker & Williams CVG-115 Black Leather Padded Guitar Strap Hand Tooled Feather,WW CVG-115,1
Walker & Williams G-54 Rich Chestnut Padded Strap with Soft Glove Leather Back,WW G-54,1
Walker & Williams G-54 Rich Chestnut Padded Strap with Soft Glove Leather Back,WW G-54,1
Walker & Williams G-54 Rich Chestnut Padded Strap with Soft Glove Leather Back,WW G-54,1
